Model,Accuracy,AUC,Precision,Recall,F1-Score,CV AUC Mean,CV AUC Std
Logistic Regression,0.7266666666666667,0.8351882421854198,0.5294117647058824,0.7078651685393258,0.6057692307692307,0.8234002244429849,0.02635469417100292
Gradient Boosting,0.7766666666666666,0.8301826508333777,0.6833333333333333,0.4606741573033708,0.5503355704697986,0.810678342435305,0.02590224970078538
Random Forest,0.7633333333333333,0.8254433143404868,0.68,0.38202247191011235,0.4892086330935252,0.8089419995486345,0.02483385249244373
SVM,0.7466666666666667,0.8169764098194793,0.5585585585585585,0.6966292134831461,0.62,0.8107162661432856,0.02219936744867362
